"date";"Indicator"
"2023-01-30";0,2538
"2023-01-31";0,237
"2023-02-01";0,2178
"2023-02-02";0,2014
"2023-02-03";0
"2023-02-04";0,332
"2023-02-05";0,5524
"2023-02-06";0,6992
"2023-02-07";0,8184
"2023-02-08";0,8176
"2023-02-09";0,8168
"2023-02-10";0,8156
"2023-02-11";0,832
"2023-02-12";0,9624
"2023-02-13";0,9632
"2023-02-14";0,964
"2023-02-15";0,6114
"2023-02-16";0,5948
"2023-02-17";0,5862
"2023-02-18";0,3342
"2023-02-19";0,4888
"2023-02-20";0,685
"2023-02-21";0,3128
"2023-02-22";0,5682
"2023-02-23";0,6242
"2023-02-24";0,1388
"2023-02-25";0,0848
"2023-02-26";0,1796
"2023-02-27";0,1592
"2023-02-28";0,1396
"2023-03-01";0,1252
"2023-03-02";0,412
"2023-03-03";0,39
"2023-03-04";0,369
"2023-03-05";0,2804
"2023-03-06";0,0048
"2023-03-07";0,112
"2023-03-08";0,106
"2023-03-09";0,2926
"2023-03-10";0,7516
"2023-03-11";0,5048
"2023-03-12";0,3814
"2023-03-13";0,3356
"2023-03-14";0,5974
"2023-03-15";0,0066
"2023-03-16";0,0552
"2023-03-17";0,2222
"2023-03-18";0,3542
"2023-03-19";0,2652
"2023-03-20";0,1856
"2023-03-21";0,114
"2023-03-22";0,05
"2023-03-23";0,0204
"2023-03-24";0,0174
"2023-03-25";0,0192
"2023-03-26";0,4408
"2023-03-27";0,2878
"2023-03-28";0,8524
"2023-03-29";0,8356
"2023-03-30";0,8124
"2023-03-31";0,5152
"2023-04-01";0,5618
"2023-04-02";0,6568
"2023-04-03";0,9444
"2023-04-04";0,7726
"2023-04-05";1
"2023-04-06";0,9514
"2023-04-07";0,9064
"2023-04-08";0,6906
"2023-04-09";0,7282
"2023-04-10";0,3176
"2023-04-11";0,4222
"2023-04-12";0,2266
"2023-04-13";0,4386
"2023-04-14";0,6964
"2023-04-15";0,3676
"2023-04-16";0,4786
"2023-04-17";0,4922
"2023-04-18";0,4816
"2023-04-19";0,505
"2023-04-20";0,5476
"2023-04-21";0,55
"2023-04-22";0,5892
"2023-04-23";0,3236
"2023-04-24";0,1068
"2023-04-25";0,0448
"2023-04-26";0,0172
"2023-04-27";0,0144
"2023-04-28";0,072
"2023-04-29";0,021
"2023-04-30";0,1008
"2023-05-01";0,2118
"2023-05-02";0,672
"2023-05-03";0,706
"2023-05-04";0,7448
"2023-05-05";0,8084
"2023-05-06";1
"2023-05-07";0,282
"2023-05-08";0,3128
"2023-05-09";0,2738
"2023-05-10";0,9068
"2023-05-11";0,7552
"2023-05-12";0,6214
"2023-05-13";0,5028
"2023-05-14";0,3302
"2023-05-15";0,2506
"2023-05-16";0,1848
"2023-05-17";0,1648
"2023-05-18";0,1472
"2023-05-19";0,1302
"2023-05-20";0,2476
"2023-05-21";0,0048
"2023-05-22";0,2622
"2023-05-23";0,4092
"2023-05-24";0,4718
"2023-05-25";0,6622
"2023-05-26";0,8746
"2023-05-27";1
"2023-05-28";1
"2023-05-29";1
"2023-05-30";1
"2023-05-31";0,7692
"2023-06-01";0,8702
"2023-06-02";0,877
"2023-06-03";0,4004
"2023-06-04";0,4406
"2023-06-05";0,3678
"2023-06-06";0,2938
"2023-06-07";1
"2023-06-08";1
"2023-06-09";1
"2023-06-10";1
"2023-06-11";0,7112
"2023-06-12";0,4872
"2023-06-13";0,1976
"2023-06-14";0
"2023-06-15";0,0112
"2023-06-16";0
"2023-06-17";0
"2023-06-18";0
"2023-06-19";0
"2023-06-20";0,2206
"2023-06-21";0,2304
"2023-06-22";0,3766
"2023-06-23";0,4226
"2023-06-24";0,1794
"2023-06-25";0,1176
"2023-06-26";0,1878
"2023-06-27";0,5558
"2023-06-28";0,8602
"2023-06-29";0,8646
"2023-06-30";0,8092
"2023-07-01";1
"2023-07-02";0,8236
"2023-07-03";0,4
"2023-07-04";0,3258
"2023-07-05";0,1218
"2023-07-06";0,617
"2023-07-07";0,4744
"2023-07-08";0,6234
"2023-07-09";0,6844
"2023-07-10";0,946
"2023-07-11";0,8484
"2023-07-12";0,704
"2023-07-13";0,7228
"2023-07-14";0,7424
"2023-07-15";0,7616
"2023-07-16";0,704
"2023-07-17";0,6554
"2023-07-18";0,7806
"2023-07-19";0,811
"2023-07-20";0,8112
"2023-07-21";0,4
"2023-07-22";0
"2023-07-23";0,0684
"2023-07-24";4e-04
"2023-07-25";0,0666
"2023-07-26";0,125
"2023-07-27";0,6372
"2023-07-28";0,4122
"2023-07-29";0,1996
"2023-07-30";0,0226
"2023-07-31";0,0378
"2023-08-01";0,0066
"2023-08-02";0,0124
"2023-08-03";0,0112
"2023-08-04";0,1852
"2023-08-05";0,695
"2023-08-06";0,804
"2023-08-07";0,514
"2023-08-08";0,5884
"2023-08-09";0,453
"2023-08-10";0,5574
"2023-08-11";0,505
"2023-08-12";0,9232
"2023-08-13";0,8332
"2023-08-14";0,9672
"2023-08-15";1
"2023-08-16";1
"2023-08-17";0,566
"2023-08-18";0,5012
"2023-08-19";0,3778
"2023-08-20";0,8452
"2023-08-21";0,6244
"2023-08-22";0,7316
"2023-08-23";0,3826
"2023-08-24";0,3946
"2023-08-25";0,451
"2023-08-26";0,4218
"2023-08-27";0,4694
"2023-08-28";0,5268
"2023-08-29";0,468
"2023-08-30";0,1208
"2023-08-31";0,3428
"2023-09-01";0,23
"2023-09-02";0,2854
"2023-09-03";0,2694
"2023-09-04";0,2532
"2023-09-05";0,2634
"2023-09-06";0,2526
"2023-09-07";0,5464
"2023-09-08";0,572
"2023-09-09";0,5982
"2023-09-10";0,643
"2023-09-11";0,6388
"2023-09-12";0,698
"2023-09-13";0,7144
"2023-09-14";0,6944
"2023-09-15";0,6504
"2023-09-16";0,6946
"2023-09-17";1
"2023-09-18";1
"2023-09-19";0,9286
"2023-09-20";0,8974
"2023-09-21";0,003
"2023-09-22";0,3664
"2023-09-23";0,124
"2023-09-24";0,0732
"2023-09-25";0,0954
"2023-09-26";0,118
"2023-09-27";0,1364
"2023-09-28";0,1548
"2023-09-29";0,1762
"2023-09-30";0,2008
"2023-10-01";0,228
"2023-10-02";0,2592
"2023-10-03";0,301
"2023-10-04";0,1938
"2023-10-05";0,4514
"2023-10-06";0,1372
"2023-10-07";1
"2023-10-08";0,8948
"2023-10-09";0,7944
"2023-10-10";0,6984
"2023-10-11";0,6072
"2023-10-12";0,8868
"2023-10-13";0,733
"2023-10-14";0,6274
"2023-10-15";0,5294
"2023-10-16";0,4382
"2023-10-17";0,3526
"2023-10-18";0,6274
"2023-10-19";0,3344
"2023-10-20";0,4854
"2023-10-21";0,0524
"2023-10-22";0,1494
"2023-10-23";0,2518
"2023-10-24";0,3606
"2023-10-25";0,1036
"2023-10-26";0
"2023-10-27";0
"2023-10-28";0
"2023-10-29";0,0974
"2023-10-30";0,165
"2023-10-31";0,481
"2023-11-01";0,4694
"2023-11-02";0,4174
"2023-11-03";0,3052
"2023-11-04";0,1444
"2023-11-05";0,0132
"2023-11-06";0,0216
"2023-11-07";0,2562
"2023-11-08";0,2616
"2023-11-09";0,2746
"2023-11-10";0,1974
"2023-11-11";0,2418
"2023-11-12";0,4902
"2023-11-13";0,2224
"2023-11-14";0,3698
"2023-11-15";0,148
"2023-11-16";0,7644
"2023-11-17";0,6776
"2023-11-18";0,6356
"2023-11-19";1
"2023-11-20";1
"2023-11-21";1
"2023-11-22";0,82
"2023-11-23";0,4758
"2023-11-24";0,4884
"2023-11-25";0,7746
"2023-11-26";1
"2023-11-27";0,4392
"2023-11-28";0,2364
"2023-11-29";0,0516
"2023-11-30";0,0814
"2023-12-01";0,0668
"2023-12-02";0,004
"2023-12-03";0,006
"2023-12-04";0,0144
"2023-12-05";0,024
"2023-12-06";0,047
"2023-12-07";0,0724
"2023-12-08";0,1234
"2023-12-09";0,2286
"2023-12-10";0,4056
"2023-12-11";0,7624
"2023-12-12";0,5446
"2023-12-13";0,6194
"2023-12-14";0,5856
"2023-12-15";0,8278
"2023-12-16";0,799
"2023-12-17";1
"2023-12-18";0,924
"2023-12-19";0,934
"2023-12-20";0,9408
"2023-12-21";0,9488
"2023-12-22";0,9584
"2023-12-23";0,7354
"2023-12-24";0,526
"2023-12-25";0,8122
"2023-12-26";0,8416
"2023-12-27";0,8956
"2023-12-28";0,3872
"2023-12-29";0,3174
"2023-12-30";0,3556
"2023-12-31";0,22
"2024-01-01";0,0624
"2024-01-02";0,1888
"2024-01-03";0,3332
"2024-01-04";0,0252
"2024-01-05";0,1082
"2024-01-06";0,3014
"2024-01-07";0,313
"2024-01-08";0,4274
"2024-01-09";0,5864
"2024-01-10";0,171
"2024-01-11";0,1878
"2024-01-12";0,027
"2024-01-13";0,033
"2024-01-14";0,039
"2024-01-15";0,0104
"2024-01-16";0,0216
"2024-01-17";0,1992
"2024-01-18";0,2714
"2024-01-19";0,1648
"2024-01-20";0,332
"2024-01-21";0,5764
"2024-01-22";0,565
"2024-01-23";0,6682
"2024-01-24";0,8848
"2024-01-25";0,8612
"2024-01-26";0,4556
"2024-01-27";0,659
"2024-01-28";0,9094
"2024-01-29";0,8428
"2024-01-30";0,7796
"2024-01-31";0,6738
"2024-02-01";0,6198
"2024-02-02";0,5694
"2024-02-03";0,4486
"2024-02-04";0,399
"2024-02-05";0,21
"2024-02-06";0,5218
"2024-02-07";0,3132
"2024-02-08";0
"2024-02-09";0,3456
"2024-02-10";0,3926
"2024-02-11";0,4564
"2024-02-12";0,7762
"2024-02-13";0,7974
"2024-02-14";0,8218
"2024-02-15";1
"2024-02-16";0,928
"2024-02-17";0,934
"2024-02-18";0,8236
"2024-02-19";0,727
"2024-02-20";0,6516
"2024-02-21";0,5922
"2024-02-22";0,5464
"2024-02-23";0,5106
"2024-02-24";0,5038
"2024-02-25";0,4936
"2024-02-26";0,4786
"2024-02-27";0,4772
"2024-02-28";0,4764
"2024-02-29";0,2656
"2024-03-01";0,434
"2024-03-02";0,5966
"2024-03-03";1
"2024-03-04";0,508
"2024-03-05";0,1924
"2024-03-06";0,0712
"2024-03-07";0,6776
"2024-03-08";0,56
"2024-03-09";0,456
"2024-03-10";0,3964
"2024-03-11";0,3704
"2024-03-12";0,3494
"2024-03-13";0,3524
"2024-03-14";0,3772
"2024-03-15";0,7032
"2024-03-16";0,2776
"2024-03-17";0,449
"2024-03-18";0,1312
"2024-03-19";0,128
"2024-03-20";0,0432
"2024-03-21";0,0774
"2024-03-22";0,0612
"2024-03-23";0,4276
"2024-03-24";0,5728
"2024-03-25";0,752
"2024-03-26";0,2022
"2024-03-27";0,0678
"2024-03-28";0,3804
"2024-03-29";0,778
"2024-03-30";0,5538
"2024-03-31";0,5732
"2024-04-01";0,5512
"2024-04-02";0,5332
"2024-04-03";0,5192
"2024-04-04";0,5088
"2024-04-05";0,6668
"2024-04-06";0,6218
"2024-04-07";0,6892
"2024-04-08";0,6194
"2024-04-09";0,6264
"2024-04-10";0,592
"2024-04-11";0,6526
"2024-04-12";0,6592
"2024-04-13";0,9052
"2024-04-14";0,4
"2024-04-15";0,2704
"2024-04-16";0,1576
"2024-04-17";0,0588
"2024-04-18";0
"2024-04-19";0,006
"2024-04-20";0,3868
"2024-04-21";0,4282
"2024-04-22";0,4088
"2024-04-23";0,5228
"2024-04-24";0,5022
"2024-04-25";0,5312
"2024-04-26";0,5622
"2024-04-27";0,557
"2024-04-28";0,7724
"2024-04-29";0,8472
"2024-04-30";0,9644
"2024-05-01";0,6848
"2024-05-02";0,7454
"2024-05-03";1
"2024-05-04";0,502
"2024-05-05";0,3036
"2024-05-06";0,2216
"2024-05-07";0,0852
"2024-05-08";0,0328
"2024-05-09";0,018
"2024-05-10";0,0786
"2024-05-11";0,1868
"2024-05-12";0,3176
"2024-05-13";0,4756
"2024-05-14";0,4736
"2024-05-15";0,4724
"2024-05-16";0,4714
"2024-05-17";0,4706
"2024-05-18";0,315
"2024-05-19";0,4106
"2024-05-20";0,5148
"2024-05-21";0,754
"2024-05-22";0,6022
"2024-05-23";0,6442
"2024-05-24";0,661
"2024-05-25";0,6844
"2024-05-26";0,4624
"2024-05-27";0,8356
"2024-05-28";1
"2024-05-29";0,9886
"2024-05-30";0,7522
"2024-05-31";0,3522
"2024-06-01";0,4234
"2024-06-02";0,2454
"2024-06-03";0,3414
"2024-06-04";0,2508
"2024-06-05";0,1704
"2024-06-06";0,0984
"2024-06-07";0,0534
"2024-06-08";0
"2024-06-09";0,2266
"2024-06-10";0,325
"2024-06-11";0,439
"2024-06-12";0,5782
"2024-06-13";0,6588
"2024-06-14";0,428
"2024-06-15";0,1116
"2024-06-16";0
"2024-06-17";0,0276
"2024-06-18";0,149
"2024-06-19";0,2528
"2024-06-20";0,4326
"2024-06-21";0,4508
"2024-06-22";0,4702
"2024-06-23";0,4896
"2024-06-24";0,5098
"2024-06-25";0,5132
"2024-06-26";0,281
"2024-06-27";0,2852
"2024-06-28";0,458
"2024-06-29";0,5056
"2024-06-30";0,4192
"2024-07-01";1
"2024-07-02";1
"2024-07-03";1
"2024-07-04";0,9742
"2024-07-05";0,2464
"2024-07-06";0,2426
"2024-07-07";0,072
"2024-07-08";0,0128
"2024-07-09";0,2206
"2024-07-10";0,144
"2024-07-11";0,2806
"2024-07-12";0
"2024-07-13";0
"2024-07-14";0
"2024-07-15";0,0784
"2024-07-16";0,1226
"2024-07-17";0,146
"2024-07-18";0,0782
"2024-07-19";0,3278
"2024-07-20";0,3582
"2024-07-21";0,7664
"2024-07-22";0,6984
"2024-07-23";0,7822
"2024-07-24";0,7924
"2024-07-25";0,774
"2024-07-26";0,9268
"2024-07-27";1
"2024-07-28";1
"2024-07-29";0,5628
"2024-07-30";0,958
"2024-07-31";0,6506
"2024-08-01";0,7666
"2024-08-02";1
"2024-08-03";0,9948
"2024-08-04";0,5748
"2024-08-05";0,3966
"2024-08-06";0,8404
"2024-08-07";1
"2024-08-08";0,988
"2024-08-09";0,6918
"2024-08-10";0,5164
"2024-08-11";0,4972
"2024-08-12";0,5852
"2024-08-13";0,8292
"2024-08-14";1
"2024-08-15";1
"2024-08-16";0,6016
"2024-08-17";0,3782
"2024-08-18";0,3574
"2024-08-19";0,337
"2024-08-20";0,0508
"2024-08-21";0,0484
"2024-08-22";0,0188
"2024-08-23";0,183
"2024-08-24";0,2238
"2024-08-25";0,315
"2024-08-26";0,2258
"2024-08-27";0,1614
"2024-08-28";0,0786
"2024-08-29";0,1202
"2024-08-30";0,619
"2024-08-31";0,7104
"2024-09-01";0,4064
"2024-09-02";0,231
"2024-09-03";0,907
"2024-09-04";0,8068
"2024-09-05";0,7174
"2024-09-06";0,5284
"2024-09-07";0,4398
"2024-09-08";0,5296
"2024-09-09";0,55
"2024-09-10";0,8656
"2024-09-11";0,5722
"2024-09-12";0,3206
"2024-09-13";0,1664
"2024-09-14";0,0964
"2024-09-15";0,087
"2024-09-16";0
"2024-09-17";0,024
"2024-09-18";0,0044
"2024-09-19";0,0654
"2024-09-20";0
"2024-09-21";0,3256
"2024-09-22";0,712
"2024-09-23";0,2344
"2024-09-24";0,3076
"2024-09-25";0,4208
"2024-09-26";0,237
"2024-09-27";0,17
"2024-09-28";8e-04
"2024-09-29";0
"2024-09-30";0
"2024-10-01";0,1568
"2024-10-02";0,3696
"2024-10-03";0,5302
"2024-10-04";0,2602
"2024-10-05";0,2148
"2024-10-06";0,169
"2024-10-07";0,337
"2024-10-08";0,3618
"2024-10-09";0,4252
"2024-10-10";0,2556
"2024-10-11";0,5024
"2024-10-12";0,6098
"2024-10-13";0,6306
"2024-10-14";0,682
"2024-10-15";0,6382
"2024-10-16";0,925
"2024-10-17";0,974
"2024-10-18";0,9932
"2024-10-19";0,8676
"2024-10-20";0,8736
"2024-10-21";0,8564
"2024-10-22";0,8176
"2024-10-23";0,9106
"2024-10-24";0,6396
"2024-10-25";0,8424
"2024-10-26";0,6342
"2024-10-27";0,712
"2024-10-28";0,679
"2024-10-29";0,847
"2024-10-30";0,4892
"2024-10-31";0,1292
"2024-11-01";0
"2024-11-02";0,2648
"2024-11-03";0,2696
"2024-11-04";0,2168
"2024-11-05";0,1688
"2024-11-06";0
"2024-11-07";0
"2024-11-08";0,0012
"2024-11-09";0,1372
"2024-11-10";0,4802
"2024-11-11";0,2724
"2024-11-12";0,6676
"2024-11-13";1
"2024-11-14";0,7804
"2024-11-15";0,7138
"2024-11-16";0,667
"2024-11-17";0,467
"2024-11-18";0,2424
"2024-11-19";0,1878
"2024-11-20";0,1366
"2024-11-21";0,1546
"2024-11-22";0,1562
"2024-11-23";0,0474
"2024-11-24";0,0822
"2024-11-25";0,1734
"2024-11-26";0,252
"2024-11-27";0,2962
"2024-11-28";0,0628
"2024-11-29";0,3978
"2024-11-30";0,436
"2024-12-01";0,4
"2024-12-02";0,5416
"2024-12-03";0,674
"2024-12-04";0,7558
"2024-12-05";0,4706
"2024-12-06";0,3522
"2024-12-07";0,5386
"2024-12-08";0,665
"2024-12-09";0,8078
"2024-12-10";0,8778
"2024-12-11";0,802
"2024-12-12";0,7032
"2024-12-13";0,7966
"2024-12-14";1
"2024-12-15";1
"2024-12-16";0,9748
"2024-12-17";0,6538
"2024-12-18";0,245
"2024-12-19";0,4464
"2024-12-20";0,6458
"2024-12-21";0,701
"2024-12-22";0,4978
"2024-12-23";0,3098
"2024-12-24";0,3374
"2024-12-25";0,5398
"2024-12-26";0,3752
"2024-12-27";0,331
"2024-12-28";0,3522
"2024-12-29";0,373
"2024-12-30";0,3942
"2024-12-31";0,581
"2025-01-01";0,6298
"2025-01-02";0,8926
"2025-01-03";1
"2025-01-04";1
"2025-01-05";1
"2025-01-06";0,6828
"2025-01-07";0,7892
"2025-01-08";0,2196
"2025-01-09";0,3666
"2025-01-10";0,3736
"2025-01-11";0,3812
"2025-01-12";0,3882
"2025-01-13";0,3958
"2025-01-14";0,4034
"2025-01-15";0,3948
"2025-01-16";0,3556
"2025-01-17";0,3648
"2025-01-18";0,3744
"2025-01-19";0,384
"2025-01-20";0,6222
"2025-01-21";1
"2025-01-22";1
"2025-01-23";0,0432
"2025-01-24";0
"2025-01-25";0,0132
"2025-01-26";0
"2025-01-27";0,0052
"2025-01-28";0,0486
"2025-01-29";0,0852
"2025-01-30";0,0842
"2025-01-31";0,1442
"2025-02-01";0,2398
"2025-02-02";0,1746
"2025-02-03";0,3516
"2025-02-04";0,228
"2025-02-05";0,1586
"2025-02-06";0,4286
"2025-02-07";1
"2025-02-08";1
"2025-02-09";1
"2025-02-10";1
"2025-02-11";0,4208
"2025-02-12";0,6414
"2025-02-13";0,6516
"2025-02-14";0,6406
"2025-02-15";0,657
"2025-02-16";0,6734
"2025-02-17";0,6882
"2025-02-18";0,366
"2025-02-19";0,3886
"2025-02-20";0,406
"2025-02-21";0,2046
"2025-02-22";0,2294
"2025-02-23";0,255
"2025-02-24";0,2816
"2025-02-25";0,5796
"2025-02-26";0,4986
"2025-02-27";0,5758
"2025-02-28";0,3024
"2025-03-01";0,1348
"2025-03-02";0,5972
"2025-03-03";1
"2025-03-04";0,8158
"2025-03-05";0,901
"2025-03-06";0,6556
"2025-03-07";0,4666
"2025-03-08";0,3164
"2025-03-09";0,7228
"2025-03-10";0,392
"2025-03-11";0,2926
"2025-03-12";0,147
"2025-03-13";0,0324
"2025-03-14";0,0208
"2025-03-15";0
"2025-03-16";0
"2025-03-17";0,0108
"2025-03-18";0,0228
"2025-03-19";0,034
"2025-03-20";0,1252
"2025-03-21";0,2246
"2025-03-22";0,3512
"2025-03-23";0,4298
"2025-03-24";0,6584
"2025-03-25";0,6936
"2025-03-26";0,7992
"2025-03-27";0,8004
"2025-03-28";1
"2025-03-29";0,4416
"2025-03-30";0,2206
"2025-03-31";0,2388
"2025-04-01";0,3178
"2025-04-02";0,338
"2025-04-03";0,686
"2025-04-04";0,6254
"2025-04-05";0,566
"2025-04-06";0,5096
"2025-04-07";0,455
"2025-04-08";0,738
"2025-04-09";0,7764
"2025-04-10";0,6334
"2025-04-11";0,75
"2025-04-12";0,851
"2025-04-13";0,768
"2025-04-14";0,4832
"2025-04-15";0,06
"2025-04-16";0,1982
"2025-04-17";0,0688
"2025-04-18";0,0536
"2025-04-19";0,0388
"2025-04-20";0
"2025-04-21";0,064
"2025-04-22";0,419
"2025-04-23";0,2578
"2025-04-24";0,132
"2025-04-25";0,0882
"2025-04-26";0,3896
"2025-04-27";0,3574
"2025-04-28";0,31
"2025-04-29";0,5514
"2025-04-30";0,4034
"2025-05-01";0,314
"2025-05-02";0,7364
"2025-05-03";0,6608
"2025-05-04";1
"2025-05-05";1
"2025-05-06";0,9718
"2025-05-07";0,3674
"2025-05-08";0,1486
"2025-05-09";0,1222
"2025-05-10";0,021
"2025-05-11";0,0044
"2025-05-12";0,3362
"2025-05-13";0,7508
"2025-05-14";0,7068
"2025-05-15";0,6724
"2025-05-16";0,3056
"2025-05-17";0,434
"2025-05-18";0,2092
"2025-05-19";0,151
"2025-05-20";0,0392
"2025-05-21";0,1906
"2025-05-22";0,168
"2025-05-23";0,1236
"2025-05-24";0,0838
"2025-05-25";0,19
"2025-05-26";0,0372
"2025-05-27";0,2794
"2025-05-28";0,2478
"2025-05-29";0,6664
"2025-05-30";0,558
"2025-05-31";0,4916
"2025-06-01";0,6498
"2025-06-02";0,5896
"2025-06-03";0,5314
"2025-06-04";0,592
"2025-06-05";0,786
"2025-06-06";0,9796
"2025-06-07";0,954
"2025-06-08";0,9088
"2025-06-09";1
"2025-06-10";0,8798
"2025-06-11";0,553
"2025-06-12";0,453
"2025-06-13";0,739
"2025-06-14";0,9406
"2025-06-15";0,04
"2025-06-16";0,1402
"2025-06-17";0,1764
"2025-06-18";0,2508
"2025-06-19";0,2996
"2025-06-20";0,813
"2025-06-21";0,1896
"2025-06-22";0,2132
"2025-06-23";0,3294
"2025-06-24";0
"2025-06-25";0,3446
"2025-06-26";0,0044
"2025-06-27";0,75
"2025-06-28";0,6674
"2025-06-29";0,5934
"2025-06-30";0,1014
"2025-07-01";0,9528
"2025-07-02";0,6514
"2025-07-03";0,4104
"2025-07-04";0,2228
"2025-07-05";0,669
"2025-07-06";1
"2025-07-07";0,9904
"2025-07-08";0,4276
"2025-07-09";0,243
"2025-07-10";0,0328
"2025-07-11";0,0268
"2025-07-12";0,14
"2025-07-13";0,183
"2025-07-14";0,5478
"2025-07-15";0,658
"2025-07-16";0,387
"2025-07-17";0,1738
"2025-07-18";0,1508
"2025-07-19";0,3898
"2025-07-20";0,7372
"2025-07-21";0,8436
"2025-07-22";0,7532
"2025-07-23";0,6356
"2025-07-24";0,1828
"2025-07-25";0,1654
"2025-07-26";0,3266
"2025-07-27";0,5304
"2025-07-28";0,7564
"2025-07-29";0,3846
"2025-07-30";0,2212
"2025-07-31";0,2722
"2025-08-01";0,2678
"2025-08-02";0,3196
"2025-08-03";0,2292
"2025-08-04";0,2472
"2025-08-05";0,0942
"2025-08-06";0,3912
"2025-08-07";0,1984
"2025-08-08";0,2882
"2025-08-09";0,2048
"2025-08-10";0,7774
"2025-08-11";0,5676
"2025-08-12";0,7128
"2025-08-13";0,9438
"2025-08-14";1
"2025-08-15";0,8746
"2025-08-16";0,6696
"2025-08-17";0,5062
"2025-08-18";0,647
"2025-08-19";0,6636
"2025-08-20";0,6666
"2025-08-21";0,8
"2025-08-22";0,0652
"2025-08-23";0,5604
"2025-08-24";0,096
"2025-08-25";0
"2025-08-26";0,2578
"2025-08-27";0,3626
"2025-08-28";0,4846
"2025-08-29";0,3968
"2025-08-30";0,398
"2025-08-31";0,4108
"2025-09-01";0,4138
"2025-09-02";0,1946
"2025-09-03";0,2148
"2025-09-04";0,1564
"2025-09-05";0,338
"2025-09-06";0,4062
"2025-09-07";0,6532
"2025-09-08";1
"2025-09-09";0,7806
"2025-09-10";0,62
"2025-09-11";0,7232
"2025-09-12";0,3906
"2025-09-13";0,0112
"2025-09-14";0,0036
"2025-09-15";0,1348
"2025-09-16";0,3344
"2025-09-17";0,6992
"2025-09-18";0,4814
"2025-09-19";0,6806
"2025-09-20";0,624
"2025-09-21";0,571
"2025-09-22";0,5202
"2025-09-23";0,5294
"2025-09-24";0,4912
"2025-09-25";0,438
"2025-09-26";0,3998
"2025-09-27";0,3758
"2025-09-28";0,4576
"2025-09-29";0,4708
"2025-09-30";0,475
"2025-10-01";0,427
"2025-10-02";0,262
"2025-10-03";0,7126
"2025-10-04";0,3026
"2025-10-05";0,2078
"2025-10-06";0,1062
"2025-10-07";0,0534
"2025-10-08";0,004
"2025-10-09";0,1398
"2025-10-10";0,3036
"2025-10-11";0,495
"2025-10-12";0,3758
"2025-10-13";0,4114
"2025-10-14";0,4482
"2025-10-15";0,4952
"2025-10-16";0,1888
"2025-10-17";0,148
"2025-10-18";0,1696
"2025-10-19";0,1548
"2025-10-20";0,0948
"2025-10-21";0,0808
"2025-10-22";0,1084
"2025-10-23";0,137
"2025-10-24";0,0792
"2025-10-25";0,0136
"2025-10-26";0,3918
"2025-10-27";0,3616
"2025-10-28";0,0714
"2025-10-29";0,1274
"2025-10-30";0,6032
"2025-10-31";0,5468
"2025-11-01";0,2056
"2025-11-02";0,0444
"2025-11-03";0,1552
"2025-11-04";0,2788
"2025-11-05";0,4154
"2025-11-06";0,2212
"2025-11-07";0,3958
"2025-11-08";0,6506
"2025-11-09";0,826
"2025-11-10";0,5522
"2025-11-11";0,2808
"2025-11-12";0,4476
"2025-11-13";0,4856
"2025-11-14";0,5244
"2025-11-15";0,574
"2025-11-16";0,6172
"2025-11-17";1
"2025-11-18";0,9184
"2025-11-19";0,7118
"2025-11-20";0,553
"2025-11-21";0,1572
"2025-11-22";0,1948
"2025-11-23";0,1998
"2025-11-24";0,1256
"2025-11-25";0,084
"2025-11-26";0,0064
"2025-11-27";0,0162
"2025-11-28";0,0342
"2025-11-29";0,123
"2025-11-30";0,1784
"2025-12-01";0,2394
"2025-12-02";0,3446
"2025-12-03";0,6144
"2025-12-04";0,7124
"2025-12-05";0,8384
"2025-12-06";0
"2025-12-07";0,1856
"2025-12-08";0,4206
"2025-12-09";0,143
"2025-12-10";0,1802
"2025-12-11";0,4056
"2025-12-12";0,739
"2025-12-13";0,0962
"2025-12-14";0,511
"2025-12-15";0,4582
"2025-12-16";0,4138
"2025-12-17";0,7258
"2025-12-18";0,2962
"2025-12-19";0,341
"2025-12-20";0,2974
"2025-12-21";0,0696
"2025-12-22";0,0408
"2025-12-23";0,3374
"2025-12-24";0,8542
"2025-12-25";0,6498
"2025-12-26";0,487
"2025-12-27";0,442
"2025-12-28";0,385
"2025-12-29";0,8332
"2025-12-30";0,9132
"2025-12-31";1
"2026-01-01";0,6974
"2026-01-02";0,5946
"2026-01-03";0,4276
"2026-01-04";0,2826
"2026-01-05";0,1568
"2026-01-06";0
"2026-01-07";0,1046
"2026-01-08";0,2396
"2026-01-09";0,2964
"2026-01-10";0,3146
"2026-01-11";0,3858
"2026-01-12";0,3824
"2026-01-13";0,1908
"2026-01-14";0,3554
"2026-01-15";0,9728
"2026-01-16";0,8818
"2026-01-17";0,2026
"2026-01-18";0,3618
"2026-01-19";0,6328
"2026-01-20";0,7522
"2026-01-21";0,838
"2026-01-22";0,9376
"2026-01-23";1
"2026-01-24";0,6068
"2026-01-25";0,1744
"2026-01-26";0,1812
"2026-01-27";0,1902
"2026-01-28";0,166
"2026-01-29";0,1704
"2026-01-30";0,3208
"2026-01-31";0,4438
"2026-02-01";0,6838
"2026-02-02";0,4448
"2026-02-03";0,312
"2026-02-04";0,8464
"2026-02-05";0,2262
"2026-02-06";0,4314
"2026-02-07";0,8098
"2026-02-08";0,1714
"2026-02-09";0,1284
"2026-02-10";0,1416
"2026-02-11";0,2956
"2026-02-12";0,5292
"2026-02-13";0,2312
"2026-02-14";1
"2026-02-15";1
"2026-02-16";1
"2026-02-17";0,8932
"2026-02-18";0,795
"2026-02-19";0,184
"2026-02-20";0,1
"2026-02-21";0,176
"2026-02-22";0,12
"2026-02-23";0,0748
"2026-02-24";0,4512
"2026-02-25";0,4532
"2026-02-26";0,089
"2026-02-27";0,409
"2026-02-28";0,653
"2026-03-01";0,6116
"2026-03-02";0,575
"2026-03-03";0,8704
"2026-03-04";0,7858
"2026-03-05";0,8114
"2026-03-06";0,8284
"2026-03-07";0,8232
"2026-03-08";0,812
"2026-03-09";0,8064
"2026-03-10";0,5496
"2026-03-11";0,408
"2026-03-12";0,447
"2026-03-13";0,45
"2026-03-14";0,575
"2026-03-15";0,6248
"2026-03-16";0,1328
"2026-03-17";0
"2026-03-18";0
"2026-03-19";0,7668
"2026-03-20";0,4996
"2026-03-21";0,3188
"2026-03-22";0,4114
"2026-03-23";0,5232
"2026-03-24";0,6256
"2026-03-25";0,6616
"2026-03-26";0,7018
"2026-03-27";0,7468
"2026-03-28";0,7978
"2026-03-29";0,2586
"2026-03-30";1
"2026-03-31";0,9352
"2026-04-01";0,88
